COLUMN_1;COLUMN_2;COLUMN_3
96618;22.01.1987 12:27;YyygMcYsxqSwPuqaphXPopBDRvZvljclIyyHMHyBaNEpKoFgaIxmQUCqtXcyMBdGpRDcBobPucFzeGjsDXiBEebCVbFZIcIPe
16613;06.09.1974 10:53;hvVkClubmjxuLzRfFILsIBKRjfZkWLIofOoaTwgQLAQmFqoiRaXRTWuRa
90220;14.05.1980 13:55;CPRxmUewxwRJbfOrzzBFxCpiCFGJKzRzwiImlRBolzaCDfKVtSgsYPfFVYGwUwvtfavNxPfkybIAiAEwXnBiPwFRHPjGNxi
33180;29.06.1985 13:08;AvqGsuosGQkCsLHfjsBLnpfTKMNBXxX
988;11.10.1990 17:59;oRbtpfgHKTXPpGytEPBjLH
8718;30.06.1961 11:39;MsjHvqKnBVPZIVGMuJRLHGmzHLlvTEJnmZmcxUGYkFgGOKbwscTLOCrTEUDOuUbnuCBFqMkfOxRVQOwznEHhH
3056;02.02.1960 17:48;qqsphLeHiMEXMcGakhfRoSsZKvBWidossyfuwKVgeanbYGOpoMYpaiSAmuLPpSzaKkRJmcGPHTsNZGOzIaLIMGte
85453;20.05.2009 10:17;cUGpKFkLiUEwfRDzphAvUXYBZsFDabvPxMERYdYHaSvorPHBotZMNinCNLslgfafhJOEvbHQz
91953;18.11.1999 10:49;gDNleQoJiRKYxCEJznIbJsnqOSnpJZAOrQzqIZpOsqGGRIEauYbFczdvVBaopoYaiJPGcuYreO
65068;12.07.1987 08:22;RJqOumYdJNRZeyONoaAVMtDcSZnIgeruFMPVaNRhnzjtEqIMSfjuUEUkjeXbQPXOahvELfvcakOQjLplEWDA
67266;07.07.1966 15:11;qnwqdpwNhfyPWDotPyKEQKWoAaczbDDRVsvoVspIPMgFPefUVNFzWBcrOYpEszeCXtErweBfLqKfoB
16742;09.11.1980 17:18;yxEfJjQltOrUKnGlxLIgAgEPeKClOCGoBwfnloeyFnzLSRbHqxiICswdIGRXmXZvL
44761;04.11.1961 19:06;ljDzHsSygXVIkuQvDRKDwKXLDtQLHIuCKKqFabAYUyQrLnhaqFOUT
38377;05.05.2004 17:27;TKPANAriLNLVRTXPauIyFluzffbchrneAUboBPCKdChEBxGfJcSYYjcz
79716;29.06.2009 14:41;seMMimKSjZZDxpDGjAfpHtBFbPepLEjuuPWLpsXkWgjGRVfHkHowjeATuqBtruMeowPmhaqFgOwYOgNLWSmvikNpGY
11178;12.05.1995 16:51;OLcztzwVNRWkVyKOfRJopaeaTuUVSTKFRJOpYLCbctDIusytGPMvGQKiGwVMTHbeakZtKM
79601;05.03.1961 10:28;xjScTaKgQZkVnXFkBrSdGCdcC
8301;03.08.1957 17:07;RbJ
59203;11.07.1985 18:26;IQdmlDcPCfVblcqvKopznYQUsmqvydzwniWnvvtIiyEnhvjMGRJSxJzACT
65738;27.01.2001 15:48;LqOrOgXjEtntmUUzhyDzOwnyxpCEXdXFywqSUEfnFtKvnSIgzFTwhVa
17211;13.08.1994 11:43;mJvoCqeMGZzmmsOvCOvewvVBFyyOeMnFdAUpvYXCNRuTrUOywQFFblyrHtChCSRkaUciQlyPgqxnPkABPDTGymxltXWyqp
76026;30.05.2005 16:44;BHFNOcHDsrVytWxWnBEOVUrzhGamDSNzvVxOeWGLxTlqH
82754;12.07.2013 10:22;v
7463;07.02.1963 09:48;WjOgzRvVCnNTNYtEilVpFdLlJhBevLvjjJCxgasJzKnyOBvbvVkJnSOfR
31504;16.09.1965 18:50;rFlxPQtylNhwIoTfGMECmnieKPAZNsIRxvwaDrMmJJrdZcSZakUDzdGB
40213;23.03.2003 13:18;ICPjJeWMggSPVwgMQBDlzUdMVPTShTCMucVSnNpFIkowgAPPeKmUGAp
58366;14.11.1974 16:03;rxYY
50363;16.10.1961 17:15;IJWRZlrhgVsbAZFnoTrqLLXKkmOfRYWFqXgoQBUAbsQfroogRQOmTLstvkxqKOnWsZ
31413;17.08.1974 14:22;nQMIVDAMqCCdRkkPzmHeebQHXTShwTPcwdYkpTXjvyNObvemIzDv
86970;24.07.2011 15:59;jepSWPonfbNHEIzukVsGWu
89194;28.03.1994 12:27;cqLynfIODMjMWbabVgDdgtUwBPmdqDASIiNcTnqQTo
40293;06.11.1980 13:02;wOmaYbZoRdFybejIgLuxpp
29156;02.03.1973 18:12;UYzCERKnpLEPrSwOgpHCwXcNlKMkboDGyYedFcRvJfuaacaamwrLnUCFiLngFOuojitwvNKpUCcWzCoY
13338;31.07.1955 19:11;JGMgjRJKrMktOoWVqkQHyUinXqepPk
91394;21.03.1971 13:00;VTACHmZuiiqysq
75878;27.03.1956 15:09;YfChxqWzCFaN
36842;31.08.1957 10:49;rdIQfzpoSbdLvJvnPywTxrSCIhAtA
90729;02.08.2018 15:39;BGSDUuqGgsszRnRDWgQxfRzKJJfumVuckdzdpeVepMxJGULDhJxaOg
73899;05.10.1964 11:40;yHQliQWsdHSniLtOGllKOqTcUBCgnAbxlFPEvLEaQYHuPaXELArABjaTISSWRxpONireXxoXJtEdRqggBthojBQuYiaNJup
57401;01.02.1959 19:53;mYMbVtweTaGzKLzKAzGIlQSrgseBQsdQqDIBupMHJIQEkilN
16595;08.10.1950 19:35;WSPTQqdlmZvJdOAEBMSJHWNWyDFpsc
32414;24.05.2004 10:29;kHulngOIQmXRJluDXPXLlVVVJJSuYwSgQXAnlQUjwenWHsHcFPnCIgOtQMfLdhohKXFvBPmUuKitNdxOYGwgdga
63401;02.10.2000 15:22;PxJQHBsSJItwzaWvWJMIpTbsHOOOuDELzYDbwDADWWuNzcsCntiWEHrXLYfBFxdJgxYvdWzsgHWowUuuHxkyLwiLwidBAdMCUTJ
54717;29.12.2021 17:58;TAEKAbmSTVPAQtLUdfBwdALuAafQwLpOHBvzniAeSydRtphfzUGGzDpUakbwncgbXLADbLzvefOXptaAumWwOfjimX
93077;13.10.1986 10:32;FpKdVVBgaezVdpwPVUWytBHQJJiwemsEkoIksqZBeuHAlKvEDIVpbSxOysazHtlL
35740;09.08.1961 09:15;fVRAPdyeLDUMRElGFqTjhikAkKMxCMVRgMFSmUUnV
34311;16.06.1987 11:51;MFNkEuzrpVQgdxRqTwsPZeEYGtbHuAeupNUPHxtCqhMqDkcoQflrFUVSzpryvdmfikvlvLsKdEFcOgMWZNzzUANpCMOCbfh
49111;16.07.1975 09:55;yvUytkrUTBioZCryQdzVlxKoWrakwNhaJALQKEUTVjBPEDMSEfCLP
35482;04.01.1972 12:41;uipxYvdBuFkGLRmMBkqAWHbWdvLfwvwvuGIcPwXdHzKPeFRgnBQpXvJXdBdUqaxpLsibOJqIkAQ
3433;04.03.1967 18:25;QwbUTq
11761;18.04.1977 13:36;lwGXVSSssqtPIoXC
62256;07.04.2010 16:09;MoacyohgRNTeehmfJbctGvbBroyHMDfSHykjloEmgmWXYguRPzvnmKqDcYkKsNyZLENQVqSpNyRebW
37925;20.04.1960 17:14;vyNVWkXVudBCMrqjotWNHdyNSOgKLQTfJGiUJjZHuWtehDiFYxjbkmHNNufhBqBDjjXWbQriQPsohgTqMQlvCbsWA
28214;01.12.1952 10:34;bLeGRBIUaopNbPRSbDZKRcERuZkyZhBrDMXgtxBGIgZrBNVCwv
22432;03.04.1994 15:09;rVkOFqiJLdBNuVNSZjkyCSqZUrVweE
93456;04.08.2012 10:57;bcXbHMjJtUMOgulhuOxVoLMGKjvfCYRcpSwUfIsdTPgWTFYPKcalEZulMTGJkAmjmJiLDeLNderIR
70490;10.07.1980 12:52;WQHxLOClDeQJfNFZPhXkjdo
12394;17.10.1974 18:36;JQHYpXRiMBlXNMbMJYSDtZfCTzJSnKeHbVabbvyVgzcm
54045;04.11.1962 16:14;HwrzrZYdPQqdhvpnWMyoIZipYvpViPvbvASejClqmREIroJCLbbkjSjgshVZoUFKRIIRybeJdDxzOrskXRGRheHn
65101;11.12.2004 09:04;XrBDZMapPnMpfYkxJbQPybrWzNyzvMqVSfMDQXpdeEZDpqOq
11590;13.05.1983 08:49;PwvWEACVZQLhSYsvwaaofpToSGNFlCfKJlsXfPYqoBLxdSymRpflNWUhCIbqCh
62418;10.08.1998 08:39;EyoRllcml
16706;26.03.1961 12:04;kwsqzYzsLuTNhxFYrFQvRjkYtbQuVovRyBSpahYuxYSglWKdiChZ
84307;03.10.1952 19:47;YJlUNuKKvmCIfeTpeibCGuBbexUNquvWKDKnciEsKUoQAdSMkIcywAFCGF
66093;01.08.1954 17:32;hFpNwHNYhoC
31453;22.04.1977 09:36;TnOGxLnuAZRIsrRolyAhlYNBAAnZwFVUtQNCuqkGGWyFnZBJ
62466;10.08.2006 16:27;rUaT
78077;09.03.1952 15:23;QIOupeLmhCusVynZxOLgpXaoZvoiStwKyzAwBKsVbvBBnYapjmAdZGiqEDcIYHxgBuoWIfuZKNicvBdJhoLrAeBC
4343;08.10.1989 09:00;RqBcqqYvEVOuzjGVILAmrozZmzjDXsxaWwCADGYAXsDhYSMJqBp
88791;08.04.1973 08:59;EpkgNiVWaRQvDqeVfEDTPGMicBYxnwweLgiOmcuaoJykOxipuFIKXRigqIeBfSBlyzJpSZvUNCEeDvYWGgHKOfKCpMPRuvLnIHa
63330;24.09.1981 14:51;IINoaMGDxpmMtxMnoMY
13714;04.01.1969 12:59;HWKeLaYhePuwlal
27217;16.12.2021 15:17;bLsHzbVghuskReTrzAloiMjixTjanTLzSGdGjsqMFSJyJimvmLawMPhYfcimvgfzAWrAWKEFTunrvWejfJWzjsYxiLteYWLGoB
98829;05.06.1995 18:17;AFGNoHlLIKmEmeZExjhkevhPLIvmYoMeplXKHVDhIVQfJxbJqWlecZGMNCzMvxqywJPuzdlFEyQotIYCe
65088;01.07.1973 08:07;SrDnXXDSufEefaIaMOuUCSVhfOs
69211;15.05.1973 11:00;QhCjgmySXQJjdqwUUnx
98170;27.09.2000 16:07;vxGwXnkNjbhnLRYbydYextPpCSLrUzjFNoyHUWLByyx
89280;04.06.2015 11:28;SyLbwdyLyPSnsnTSwPfvfnjdxbVYsInIAenoyyvDdGmzIpdy
28671;12.06.1991 18:16;iyCPZhApmmUyuFcqmOVaWRuocNcLFNybHpXaLnekkPCXLOpuDzZ
71375;04.02.2016 17:02;LLebeuyRtcsZFsGaXdXyhgkigMBx
984;25.08.1951 10:57;TUzEGlvdNHbdDVQShWYSbXwrYgYfwLEMwreLeCEklzblBAANjZPcYJerAYkCxzqKzFoiXUCSVzE
55452;19.07.1983 19:28;HGoHUViDxPO
26657;18.12.1988 08:32;ukEQTZVDfFZUEwHjyGMrXSitHPTCKaOxDaQYBtBkMfILRcSCDcFluknBzYTezjBifpsGpIULmVDovBvKrZnFLCzDy
67584;10.11.1953 08:15;DTrVBSHlnNpxIZqmjMrxGjKmBleYvHSMoDHXVwhoJAphNvxmMuwpmLPE
10189;08.01.1981 18:40;aaxbQxVeWXatNgeUeHZNgaOhTiQtZBUwWfPayKLjTXfabbJRSoSlwIftINUqzpasCpTMqqDyeEoHBYymWieWKAqftkQxAmc
42993;12.05.1968 19:54;SRNPxtGtyhegfwzMKqRYvZkJrcgUsEaZTmOjQoYUseWLpjcHqDBSmjvJuukpygSRUtQwkXhCVn
68095;28.10.2001 10:09;RhghnfoWiNhzZOUqmMXmHZHJJ
22528;09.02.2010 16:24;wwNqacXU
73622;04.01.1954 08:22;BspKFOTOtaqLQWbtXSqbkjZoJWuAXsSNPcRfVdYERaOMTokyuNwWmbUKOkLdG
73307;04.05.1989 10:04;IqmAzy
78424;02.12.2012 09:10;DYKnDkqXKTmYeNdJcPANTjFzToinnTkaKlHOybjnaYAnPlzOQALIcKnXMsarDbyVFumdoMwCoBBjU
10244;19.11.1968 16:09;uvPdXxXeiFCChIgTnRExwREBNswPAGBnWHhyvskcsfrtFiIoSnRCeorHnMtYDZRENjBdBQwfxvqCANq
60896;25.11.1993 11:21;fusvKTaWzRChFPsWHzEUPiIFeBhnTbLDySN
27946;31.01.1996 10:17;dSSdlMnNJzRKvOXXKvaidvlayjPvmZQzZRhFbWVOeSrihyi
27389;22.03.2014 18:14;rcvybChZYmENjQzPWktmoOSRKtUosbKnOVPacyGdNajyuRHFRrUCIKNCVPnTesMnHTnMPGtkKckjgaWckorAmYqkkDuG
82657;22.04.1977 11:52;tWKJYBqcTFlokjfGEfUQQDXsWiSGZKFEzvsEbMEEu
56695;07.05.2007 13:21;WqpiOXHWoNQFdPyL
92507;29.07.1995 12:16;esM
93809;03.12.2000 10:25;JJnYZOhFxpNwySVEZICnJlWvIijEGBnrYLfwCuWDTduKPBXanvzFWhtRrXcgPVxWAtsBNrHslxyYntVvdjKcihJQiIcRPUZUW
76493;14.07.1966 14:32;fSZtxdJbPMVGnIxDGmjBVTdMhMIlJAhZoUWhomJxVlpvlPSbLDXIfFFMfheHeqAEgsobvHAcXZxGjvnsQgupFnlT
